<?xml version="1.0" encoding="UTF-8"?>
<manifest>
  
  <!-- Remotes -->
  <remote name="astechpro20" fetch="https://github.com/AsTechpro20" />
  
  <!-- Device Trees -->
  <project path="device/xiaomi/blossom" name="android_device_xiaomi_blossom" remote="astechpro20" revision="lineage-22.2" />

  <!-- SELinux policies -->
  <project path="device/mediatek/sepolicy_vndr" name="android_device_mediatek_sepolicy_vndr" remote="astechpro20" revision="lineage-22" />

  <!-- Hardware Supports -->
  <project path="hardware/mediatek" name="android_hardware_mediatek" remote="astechpro20" revision="lineage-22.2" />

  <!-- kernel tree -->
  <project path="device/xiaomi/blossom-kernel" name="device_xiaomi_blossom-kernel" remote="astechpro20" revision="Udon_v2">
    <linkfile src="headers" dest="kernel/xiaomi/blossom" />
  </project>

  <!-- Vendor Trees -->
  <project path="vendor/xiaomi/blossom" name="proprietary_vendor_xiaomi_blossom" remote="astechpro20" revision="Udon_v2" />

  <!-- BCR -->
  <project path="vendor/bcr" name="vendor_bcr" remote="astechpro20" revision="main" />

  <!-- RevampedFMRadio -->
  <project path="packages/apps/RevampedFMRadio" name="android_packages_apps_RevampedFMRadio" remote="astechpro20" revision="main" />
  
  <!-- ViPER4AndroidFX -->
  <project path="packages/apps/ViPER4AndroidFX" name="packages_apps_ViPER4AndroidFX" remote="astechpro20" revision="main" />
  
</manifest>
